gas_level,temperature,humidity
399.63209507788997,21.851329288386196,39.15969893075671
860.571445127933,25.419009473783582,38.64425796751999
685.595153449124,28.729458358764084,61.71891031823628
578.9267873576293,27.322248864095613,38.734116994732716
224.8149123539492,28.0656114786145,39.51824041450209
224.79561626896214,26.587833667107173,56.57893918462873
146.46688973455957,26.922765645178526,45.7408944857689
792.9409166199481,28.491956515653193,57.18486949343134
580.892009394567,22.49668008859186,32.28781551475348
666.4580622368364,24.894249636431404,47.064991778568455
116.46759543664196,22.212094418196024,31.17647600641489
875.9278817295955,29.87668007996647,32.192862120937406
765.9541126403374,29.440593396866134,61.72531086705438
269.87128854262096,20.394268113685058,34.87358798911583
245.4599737656805,27.055751725156885,48.6347238796326
246.72360788274705,29.25248317415666,44.38834609102473
343.39379436763016,21.805753451273336,42.157016419059495
519.8051453057903,25.679452305526294,61.494167099054536
445.5560149136926,29.15488297588042,30.763818887142133
332.98331215843353,20.33945978585799,53.23263901614562
589.4823157779035,26.9742026724684,63.71880519747427
211.59508852163347,22.973490073725507,49.60588642116447
333.71571882817454,29.243961953765304,62.788786171158215
393.0894746349534,29.71058245165368,31.82902577501083
464.85598737362875,29.44266489113434,44.657766167595646
728.1407691144109,24.742142166574638,39.10552268367179
259.7390257266878,28.620426509893136,55.57873377432554
511.3875507308893,28.4454939853507,64.34539816740363
573.931655089634,23.191004732432557,38.97855218554867
137.16033017599818,28.289154741506774,52.896111051592605
586.0358815211507,20.370076347154928,36.933417146590905
236.41929894983323,25.96269878482053,49.78655891000635
152.0412743882236,22.30008837287703,46.23763703409176
859.1084298026666,21.20566885777279,64.0201865371038
872.5056264596475,20.769532016292093,51.29845454437633
746.7178784931689,26.9628877587814,42.23272302303866
343.69101533869656,23.398749637680663,33.99335247107767
178.1376912051071,27.247667715287616,35.29363900572271
647.3864212097255,20.653563407989424,37.88609254829323
452.12199499168105,23.152903378306103,38.78383314691043
197.63058787582307,25.394912923753374,59.771562024439824
496.14152808901616,27.907231648389637,49.642797589888374
127.51081689217472,23.1875250293207,48.318681898102824
827.4563216630256,26.258913764370092,34.01691051542261
307.02398528001356,28.85977748236187,60.10488926723022
630.0178274831856,26.158631881823045,55.298500612296934
349.3688608715288,22.329594747536337,32.36839266650006
516.0544169422486,20.24400781556538,54.7742284030419
537.3682234746237,28.700988739009297,49.023837606992615
247.88356442042164,20.21269410850387,32.86038710113724
875.6677022116469,28.747016726841995,46.04052245350297
720.1062586888917,25.28937134027212,46.96437004955165
851.5991532513513,29.390676985128962,35.802108905714654
815.8618803421191,27.987832357736654,63.09943514500988
578.3199830488682,29.979341105333376,59.74913800182317
837.4993880184935,23.5071181545171,53.415781806518794
170.7940016415356,27.67188288931127,46.18034463502126
256.7862899353162,24.01930913609242,44.411793955457796
136.18183112843045,24.79875620303909,52.7840713502834
360.26426461061146,26.2750546321837,49.09011542924169
410.9418317515856,28.736771141863386,32.17955870586599
317.0792254191167,29.840834691992953,47.93759270696161
762.9900073215434,27.68273413864518,58.22412660314939
385.40266135487144,24.17766782167334,46.07339571589353
324.7476077499046,24.213570022770703,31.818480214399393
534.1568665265988,27.375823015888916,57.51973697844116
212.7393799798101,22.387771457683023,37.04773237475911
741.7575846032317,21.104741131313947,39.05172922108136
159.64051494381664,23.546221576407767,35.76472237013036
889.5095492804138,22.87238991654082,41.55752727050241
717.7958154373259,22.963081204559902,56.486302699102225
258.97254522733795,22.3360775104991,48.178505082637805
104.41769369888192,20.42093189636362,37.17084459527494
752.3691427638673,20.178739347334137,60.72405273532143
665.4858750780937,29.877223897360317,60.78536492330352
683.2057344327899,24.277731337358624,60.47024487661024
717.0162773487566,23.843266471596817,38.357867398353875
159.2357213872723,26.7964728269307,45.793377046334584
386.77258283541806,22.182538878650643,64.47463796493062
192.69524762010377,29.499611839502254,57.02043667084966
790.4827407004748,27.86345014415552,30.950859742894593
598.6385014620464,20.894110023122597,32.28216069411722
364.71841988211935,24.175807757849284,46.23759818843165
150.8466802288189,28.791183075621646,61.82270720515461
348.7858573725298,29.4473202229141,48.854562928345
360.14665762139765,24.674015112498697,47.42343778120016
683.6849426704513,26.134113892107077,33.69157949848207
610.0459770841705,21.67033946092075,52.9873036653503
809.7701940610613,29.911686261369766,58.77361062100789
477.7719401295594,22.316717013834435,43.31470026276468
195.67539675064137,29.427317741351256,57.14641478238646
670.595829778396,26.496466489923684,63.75668288652841
708.6280388935179,26.07736794878859,37.13182606946912
549.021758055597,25.126885110165084,48.316537091815945
716.7737439636488,22.306698117177586,40.04982853296014
495.0364770915126,21.765280320055084,57.74990466618438
518.1862635055952,22.204862090701752,50.215767805840514
442.0328146868397,21.864382621442545,52.21038461426063
120.33530139527615,27.795844735667533,57.92699558655629
186.31314159464355,23.501252591667303,43.85896654318592
125.1433485493874,20.578426765633964,62.02815239424651
609.1283290110243,29.691026301408115,48.6560103536149
351.48478486106137,28.83785884963426,35.52841879923718
506.8565529317622,29.27752283195213,54.356469135908085
826.0531791408744,29.94907822646435,57.764147265338906
299.4337833190999,21.738952492194873,41.08665869736343
428.3063384285038,23.962420189026588,60.00127399495635
704.4409108344389,27.582384757040913,61.71501391680182
283.03853239329794,26.960206180537924,39.69165705822331
161.58392786303438,21.53895906339855,64.42325154503277
331.80116233101444,28.158331249906176,34.924903481706544
228.97702980320355,22.244405718366608,37.07054839408715
843.7581218740585,22.23817614822623,36.44786937333092
746.4963036515336,25.369744228934135,61.289639850275464
606.7230052083387,25.929399348417032,52.90023933137367
797.1684721501741,25.80086207837811,35.32364991277955
742.9376615192916,20.914868373977548,45.41131964289222
249.25604710882868,28.774608626303802,51.53543087744307
814.0471987919822,22.65600042588706,32.92124297462841
531.4737935325206,21.295149212828044,60.884572894256856
745.95212413125,28.887480798689772,58.126123740453735
816.8730399387946,29.556514982297536,47.68223707518234
354.4027799774911,28.621276172654504,63.849431534070966
188.0415396221414,28.09516074724878,44.62163427462849
282.34813003355333,26.55241980639022,64.44386116627743
441.68623090100505,25.508573706091394,53.37719995812695
754.4118127379945,20.8698675991141,52.21349456388795
788.5844666050748,24.084532130706986,35.80842133535248
105.56170442495257,23.72688517012314,60.867471540662535
508.59784206205256,22.597537837603262,44.96213907722153
433.9288025190232,27.23420113688585,35.678169202386776
277.6862483765842,24.958757350787707,30.441263199151567
195.89229386694626,20.81046215907648,49.59144892734339
370.0921371229024,22.201832019498113,48.45898677429367
854.3277631300153,26.83258763659596,55.17737678292055
358.5623456166042,20.761308594903003,61.15903185562307
515.0324973946929,28.51206914048769,32.779230462506035
662.4151671161422,24.951465270139742,55.602377161912685
390.9036819034352,24.80586577326648,36.55941804341538
877.4256661767686,25.924077846595175,60.03619686050074
869.957835953689,28.24680965925149,58.66722298515796
301.42583666029134,23.47809207902193,48.92778142449406
497.79880471390834,26.780161525590636,54.858497951815906
340.7026478534157,25.65731963995791,41.002253961431194
327.8723955019741,22.670282701694212,46.490876462648515
129.50955788362623,28.78629986355158,58.757291419866505
587.6514671839175,27.974260216069283,46.07428190106249
502.1432185830892,26.584518346584254,42.52293928639046
141.18300099999146,28.505817290942417,47.297435653760495
322.91717138928914,28.672942009598025,58.98872383530264
826.612708773323,27.08362976715035,41.73228165798054
291.64951253357793,28.37013328363672,36.08165575975103
215.91589767297847,26.974714616692836,54.92049071157733
491.5622082220504,26.801407717603006,58.90923744478286
888.5203632884806,26.186113782151843,33.522311748323666
293.6442172092003,27.527166395576412,38.395593946458064
637.7084379247028,21.58605105293074,34.96901964163479
709.2956922629741,28.808707591989283,42.177949405375834
290.11003519391977,28.718435277452322,45.762284261689445
682.5730788894876,20.29247283034559,56.20892179371573
394.22650617540256,28.258167505647627,52.7901654708586
605.8446644748635,21.28869867473445,51.73249986174509
606.8237686087157,23.35118854259142,42.333123131337906
528.6197472598068,27.43508256291608,59.4506643579666
172.23181604352663,21.60759896048308,46.495050858935755
768.2419964713904,28.17967024119062,64.2686728305304
356.62405197738866,28.32134177957742,52.19497484035079
249.2148083198834,25.074677337608364,34.4192659547576
132.62011324381115,20.063858717168337,53.666214672640194
572.7143545505935,22.87038133174913,41.378640540109465
642.0514894738259,26.16926918375742,54.02145188401341
113.27026314228492,29.811861780274235,32.4374401856842
509.6744466394248,26.318135270166685,36.120850301158576
281.19662015835036,22.598035810641598,59.95080406170252
616.1382323275599,26.340057030996114,37.95128449582302
239.49314320399316,25.399853797158556,59.2964393835029
652.7501904819727,27.798453951511437,39.774663095904366
409.3882770404299,21.069806388269583,52.50086685205477
849.3839909893876,27.61027902502028,54.29527007284409
210.01675531679462,25.412665786761103,47.94291636007685
372.8530808402068,29.629920038589944,40.6858736843856
190.77881699247126,23.41872166038686,37.44255317298836
839.7548946228502,26.326218931339483,31.161627409684918
801.8714827047849,29.320281055100175,40.638124043425336
306.3533021721245,21.02509727990679,52.86069766859491
627.9872368273433,29.37228487236451,62.840668645696894
753.7777601609727,26.878857223008133,60.49215687920682
544.1606492795698,20.67837059105172,56.812267178735596
523.7204626848052,23.009635669468164,57.595657013865456
293.48183272036135,27.081720886452814,53.274471621659835
174.4822142447194,20.673506014687717,39.1100400148101
817.7726063626613,25.821704601762733,61.75182607470404
820.3344457306644,23.458830569529567,53.47563091670419
606.4811658186143,26.20915517767477,49.6154220843154
371.22383283896056,20.45742033812513,33.88463142247184
379.36765969012873,28.715368061523762,45.64694403322489
680.7645430961915,29.73488969177397,46.11253949206742
817.6882079620617,29.688778552856917,60.25972633329345
809.6691394120938,27.49651831742925,49.1326877065726
723.900436686099,21.30086240130632,43.314019213964336
613.6253169234302,27.582631959290225,64.18801149787308
167.31197199603906,20.245869164588015,33.87522076642105
229.30297127569102,20.221235515289973,44.78919499091806
818.8433508216634,23.236102191495412,31.470863630999187
585.1432477276719,24.88643190404666,55.89664422684256
107.35764129330371,27.70407417807793,62.13267932697027
181.1772342928257,26.832953766065053,39.80130653426713
630.8014152864447,24.459027063767483,60.04195868796923
104.04926707697496,22.73626666281666,40.22763806616642
228.64644113399893,29.97124500157711,61.87695565753703
538.9870314932689,24.26181302235973,56.38866662588744
653.5161581541546,24.513870243296754,58.171737189450354
621.5690076020804,21.63623821191669,30.630229446015907
279.4154475684478,27.948095487499295,63.69836249759091
669.7433770780287,26.936822257814885,55.433484722461316
289.7992699974401,22.207696127887605,40.66628833851467
360.3197585274142,20.823810456158427,59.02881327005964
697.1931240944193,26.80499302074713,39.85324194452255
619.7063192377717,26.54511214281135,60.54638438481447
779.3787283953424,22.73259526998209,33.94031366441779
626.0903138402747,29.5086356225041,54.62900921112785
554.6468826683773,21.510578917809003,48.92444668257186
174.939814262474,24.32334801042602,33.378706456840426
394.1726424475468,29.436159201675988,38.46628398905936
312.16189414538036,24.197273169261223,30.434141269706018
295.1917147032668,26.385259476640854,46.406878791257704
878.4084438019564,23.975943979627942,40.54428412660001
414.4781797334083,22.7421520234867,50.94251195042156
813.6372441416906,29.83977647959828,40.403323269801604
604.9109007978103,24.09334006315043,40.49716890274446
735.8490428333188,28.940992036791343,56.01176195560612
502.1096744841537,22.299546058910863,31.68499925924237
561.5231077010873,22.131047040250834,61.60132483171955
494.0141550550911,20.311340828845115,59.82923560369135
256.19439023843563,26.51666825375885,53.37316391292423
677.9616922092042,23.685263437237612,50.762754953758446
324.61788995268466,28.64358249839637,61.23058743488782
119.45277314516306,24.732099066915573,36.486556283505
616.3778367257343,29.681934279147217,32.763920676679
241.68854352563915,21.855255157031213,38.382855946833836
852.3668674823315,28.68623167955611,57.81023975450666
863.1428616020698,27.765968527917416,31.213459335426915
831.8915121763588,27.70921844644052,50.39823922792213
396.1269602043555,28.44783228116888,64.84031306669584
112.36529322309394,27.61023990942999,59.949363284313876
842.6548500701803,26.262203216314155,48.250599116525635
442.54731865385145,21.312448776823874,32.22743182503248
873.3238552349356,20.32526179491252,59.09807300349985
870.8959816714023,29.20847847815687,50.964247786202364
782.407564373888,26.16650314520738,34.02265489708484
335.5591136556685,27.96537290976176,33.28500496881747
408.0781828815402,24.815223515125503,61.83693868028074
780.9093372134855,21.173081889623944,53.42200920283275
353.53760412502214,21.251857922025504,59.025037976086445
235.594197348874,26.855652872289713,60.76426150987936
545.4410099666801,24.303058948994625,50.01203232169128
848.9238193286247,22.005247267003366,48.11062231142644
656.8238373399784,24.915945467414367,45.064959361234656
556.048936071492,20.64208937075134,41.09313057268918
177.74119501661482,25.819714019143987,45.210858630054915
592.0057813593357,22.689934044350977,57.08578795055547
892.0430800834106,27.975591006371882,51.0673200855296
212.06721218921922,23.103619589235738,61.238315148419616
514.6637218909893,24.552201490818014,45.51830050327157
801.8984575423643,20.116205399081007,51.24813525515639
692.6148942033635,20.72446887794559,52.095764358219604
657.6125927962144,23.92493556406685,50.709400680721394
661.9872671896874,24.799388347171234,54.59218205799307
387.59292097580413,26.000205481193035,38.31017139311822
334.87347541159465,22.916625787093032,47.93273221410267
747.4889243828109,26.949818861265427,33.64786809829217
748.0907157433446,28.601223971892047,43.45789646756844
793.657854864083,27.7985098889335,47.068347401744255
830.592442045177,20.396188253483572,52.82784908409154
509.07391908875024,24.80506947257829,63.26858684051712
501.2130357497597,21.04930178418175,51.022787329192454
738.6361431734201,22.420450158625275,56.02578706617959
619.9711446222121,29.866625932671464,47.719312082332095
661.5735018061627,21.42495542901513,52.1936410981716
736.6341355488809,24.98888153451356,32.48262756468207
812.0042734540531,26.18155734318119,38.90370532946464
370.39612548122864,27.02464970544104,42.664858262179855
400.4663621119552,25.59648683486914,46.537267425227974
175.1855518726952,20.097708474191837,31.59770609258343
562.6241127969392,23.26461308243992,34.90084341436612
128.75381903739367,25.177116433847115,39.688500772695704
472.47841450596815,20.878664991448332,64.00364418153677
534.1157077660613,23.506269312091806,41.59714524860678
329.2330017026275,20.332031087913666,46.87143703392289
572.6666084552086,20.785784971550207,36.86341994584375
124.40019995123954,23.96923276201596,51.37730248765189
129.87855099937153,21.327157540430605,39.8239125430591
758.0804485277266,25.67540848261558,37.244740245344936
388.1525131290103,26.894649691372656,48.080041995609264
201.64841012150782,28.005866991090826,30.19270297061473
517.7946080438435,22.0015024424481,30.268241142722886
715.9948424788887,21.674825822590698,37.66740831856502
272.65682199747454,21.045678403344002,31.28524768752874
598.3123806552003,26.364302495436366,33.7809013945742
168.2779719950144,27.064757264869012,41.860122726856304
141.34537693488616,20.31586144825642,58.09049878529345
525.0837052545185,29.3621224624369,50.02170251792553
532.5080972880852,20.519712836514724,47.94337040847458
609.9439211985652,25.412963353010703,40.27210881228426
680.8730669781293,27.090605194509166,62.61138018014857
880.6816635700277,28.709691237460856,43.895526443301705
513.0402786409563,27.140869321324278,33.048246837852005
358.3651783529968,28.01728083069792,51.59732806412305
736.148955814963,23.39450192542806,33.98434377168105
316.6658010096594,28.148251137465124,42.08280999805922
451.1771365645089,20.80114846384675,47.75941785512331
162.76510507381278,28.948166560605276,60.59778836398115
120.28059473236601,25.475923761537363,47.27413031190415
870.1187317423401,28.172977699624937,54.579056811108245
768.7840964097646,24.523182845183,64.74858936496747
656.7793648749583,26.43577695196525,34.602119196429356
427.1623555314159,25.26402660936113,39.61560339318318
238.63545605667662,27.31589521755332,43.81016264591762
225.14963413686883,20.816299820305897,44.7639862488591
300.19431853167623,20.603520839905638,44.3857376342941
539.3813317648965,22.471032340101466,61.76638508947942
671.6767381600499,21.595446801131885,54.99114255633998
628.157901374185,28.717835665922017,51.27668249317463
323.9471175567543,22.192139873580444,40.82804512519738
863.8922245305553,29.758652558191315,58.83266344774532
690.3175333566148,23.368957917711068,63.42711790197461
543.4832420091205,21.82117915688699,58.74193988925793
589.3765969874818,27.89698507142479,30.054778681701553
435.6800499422319,26.58707775500876,52.274047956419246
298.18479160092596,24.98195716453139,31.789738350473524
384.77814292100925,25.553635509376313,39.016252711680266
706.2768883714953,27.192017782722637,32.08336451217201
111.5147909038047,22.284547413312985,51.13284085322857
192.858112405533,29.96333916056742,54.030646972241236
136.8021136174022,29.74793162146783,34.007067332306676
132.5830418551761,26.503256863469367,43.434360906574284
784.3684672088058,21.99542450929145,45.96827781344397
662.9262875040189,26.802282424312914,42.91685576163208
479.33906326986016,20.721984089791757,34.23587501698176
178.2673285208012,20.30652502205806,44.66317265656164
493.2927000934659,22.576828885112135,56.29123167329463
478.77741662445254,24.626229567393164,32.48526825866394
238.56149592801214,28.682725054083804,32.80630049286662
447.08131939037844,27.271690697663082,42.416995214259444
418.80378751789874,27.42706521199981,62.960399906662374
592.6800784417732,24.254933344480754,53.40004263530199
608.074920694115,23.45934992546963,53.75344848353977
136.2432078176356,23.710387629846025,42.66719967932527
399.690091701177,29.876495637360577,50.778127692298845
600.6879325713892,20.401091914124827,30.354591440971017
502.50900686407016,28.670314961224484,52.26336162433398
785.1918729506579,25.786754085723935,61.96504316516828
626.954905295156,24.386154191895905,51.440071392068674
230.34754166514375,27.252576604151365,60.57945077132207
156.45499792034389,24.866689414247027,55.33905694131329
613.9354225650525,28.734232380816607,34.21954457412916
121.20904843329745,29.007018640112584,61.58586575500446
568.6204650187706,24.217209268734553,32.32553455245212
852.184193139966,22.768277972350518,48.68886153917173
560.3793423007032,25.92350328593362,34.97479933277102
410.53594096521755,29.12363345616691,30.409731375581643
614.6305747538826,22.106621890056665,44.771199104467364
466.6023123932133,26.229665835634826,40.32642476789547
536.4934314527479,26.315602200925206,47.01001728291611
853.1718470212202,27.33113022415281,50.20199603570928
408.8821102406194,21.3156768512726,31.530867530813158
868.9524510591314,27.158249646820884,34.305115329331095
824.2805135648509,29.09032520665641,49.55248387576489
256.63290783143714,21.79683108870242,42.01085736104304
155.48904070013236,22.375433249238775,55.52107206423068
180.6224011019413,29.713950940416396,52.83020770071789
114.57746052123979,21.809769527094897,59.59615270464674
175.5543686047427,28.543850933695794,54.23724893342289
646.4054187330855,24.922778564480346,45.047587708655186
156.9509187681832,22.47231074403177,53.55383178380514
355.18050423500904,28.707499012725116,39.63834109893965
775.9002487755637,24.453052550026655,40.720972457237444
118.6175485886607,25.148173539296902,57.61448059722777
751.5747860711487,23.592333693997656,45.624683074055376
325.48381981871995,25.929508514349273,57.94331191814234
194.53186209732502,21.63523872585023,58.784783078389744
657.3897322913206,23.910815366517607,60.014681818144936
603.1542774239072,29.694123223352875,62.08223325444226
801.9776108216423,22.581334327011277,45.08448271796537
688.0568350431087,26.56736664541292,41.16033864123986
742.7847443078789,23.251900642246948,50.376956130793985
325.6276580570452,27.734731256866006,42.99103482031697
241.95163502377827,21.308736607183498,51.03759583800816
700.4918013126867,29.698210450785446,54.69550519253386
745.4677914138113,24.53789541383639,54.09417564722479
892.4041136005386,22.36050463346464,43.109351045704244
430.0941415291412,20.734967473300127,35.84010705945635
397.6144686342265,21.697579050875408,45.068526846177264
721.1303685935975,25.197739485560177,34.99079504286681
372.6428322024143,23.370031764312863,61.15339623143329
844.6058604828518,28.288833658826093,42.10571112582501
786.7302014744095,24.308875236618057,35.40609115281633
443.1952219000147,22.4871427258763,30.89067159670128
700.6968542331979,26.1714498660403,52.60378352002695
703.6342992677459,27.067772168854457,52.29158111091601
182.4990950687461,21.6704190790095,41.92114583034521
822.0423253436534,21.676192162883176,32.509916109667785
504.2018979582857,20.36671426933543,44.33701132133312
761.1659728861933,27.364020150656405,40.89261232721877
356.0396808244894,26.63804527621805,53.699222390725325
816.4185827969604,24.746308757498138,51.20227373084416
411.3613429873305,28.441704489691972,42.7607804869139
108.6701211842387,28.056701529500533,37.62623939892465
824.3055811354109,25.85354364396752,64.58125881544572
173.02934142890683,28.68271280513259,45.89005674186402
355.4509100723319,22.058412100367683,54.08959825230829
860.049573640644,21.119196193977277,34.91935386524263
860.4857175500449,22.697496115169898,46.99563948807892
558.7503104986289,20.57086856089315,30.963785195431292
605.4697697358395,25.31169528001032,47.69092912686575
458.75641758265584,29.366056922949614,63.74060924911958
334.56861735845166,20.393435406685096,43.44723495450301
362.9316362959328,21.221099140100268,31.364860440121905
638.0147648616307,24.521990282834352,31.083452682177025
701.899623550144,29.33875017527905,43.579536598140436
733.2632349806788,23.161561049767506,35.600872776211794
731.694514235643,25.072348086883924,30.817323371486506
172.9648824389523,20.41572859050392,56.46747648825619
495.53624376206517,21.483432009620888,46.04830531086617
146.04700801331543,29.86630122958847,40.12356701904291
539.6231058589884,29.651186964360456,61.502911405576825
453.2244010987016,20.049399809344095,34.064863607018395
810.1633462066399,29.51811785423239,63.457159013436176
380.73201004166293,26.391199378155004,40.98883510820735
193.65361314208468,28.67918294520022,61.09412853080384
214.39334564226868,24.547398556338592,51.10300067678115
709.2085053739778,25.155960285792503,58.93475759095206
594.5744506530089,24.8884658025692,64.44046071236625
180.8981408982322,26.668642575461043,40.0941903236561
167.28544489199794,21.39651254756313,63.63974198926575
660.775305167296,20.29973589872678,43.63186632158471
158.21040509135483,23.07929941591191,43.49291666579228
757.4880474322849,27.04680762736647,41.9135486489077
664.993781725197,22.018534521229483,48.94926625716548
165.0790245135198,26.734324333249173,35.39507651124705
167.87017126815354,29.699120461072702,49.37990198753039
889.3116628009403,20.939007157894185,48.959668434350135
399.41663660489627,26.726021182251262,56.66656344117045
396.51371765351274,24.43750219304571,59.17774866781549
750.239653806002,28.681422543775053,45.41544726093484
857.7988619070869,21.77149789447386,40.581663727302285
888.8008510582968,26.926259522261645,39.07672140609831
702.7025482071533,28.381152896481105,36.81183428467052
401.0076684247326,29.446142194740233,32.01766537696587
166.80057335893503,26.83248028289646,41.98567925921497
721.7175327419494,24.971747640084274,39.45866922457741
546.723399788644,26.17847240201214,63.82460850532426
439.377607397581,28.68904984478718,49.51980891875154
825.0835080757888,25.706097466388297,42.15469636606777
188.95798584492107,20.30387059696837,50.316366034779364
494.1000834326873,29.30948695506978,34.87188454709934
109.08291581393526,26.895267510315612,45.541531222077104
474.928513595301,26.765133857772465,51.91820124973724
145.04262054546987,22.15675152397717,47.1114241127358
195.05433301445754,26.58885470232657,44.06225802290135
194.0209974216839,23.938644056541584,64.78469361148944
619.3682416928508,26.512329770414922,60.81101667521244
696.8359034123387,21.065930303079906,51.8192085355804
566.6950120777277,26.57845304603036,49.9282076413799
869.7380387796335,29.994137257706665,51.72311679386044
399.89646361896325,20.48212038860556,37.04592377378516
328.56966902548857,29.771741842213174,43.82982101425115
794.8793025515682,24.069079607228705,31.381083651181477
278.8766708155621,28.707534503372592,46.64411131203893
870.578031552489,27.823854840582733,49.00586043851821
109.72357975185307,25.67016260986668,37.971240763612336
875.9030613661113,27.384492092513266,63.74100965079298
134.5279295604609,28.78515561301348,61.83091138280347
812.9144909584569,24.04140321651033,55.27501324095671
522.1608872690399,23.270331615632387,48.668532006787686
894.3718368954403,26.675933855635847,60.44892058766897
159.03725178831908,28.078459419412585,34.5728320338212
543.0834275210566,27.622851347766158,57.66784279962097
875.4420284952791,27.978136488586344,34.36872848883969
518.478275336119,24.355833148129328,57.79737318922919
603.51891050821,28.178342161750216,39.65186488879749
656.5989511876937,21.202090553706086,60.69817033563661
463.6328518142186,25.444890979608495,63.04147328388893
602.0464640672508,20.057586604981214,35.20785892917905
567.4514495384801,23.245858299002702,46.19364617728877
820.9264083927911,23.66461534871398,64.33455823569398
136.3571042731663,23.961726916092555,46.91926025906013
324.77055167378427,26.954672066898624,60.22416328800908
860.329187261247,23.885581012703458,50.60560327459619
812.2110271127331,24.486936226225307,43.13654677718607
464.52540222857033,22.375441308743277,40.00242444340546
596.1060782412294,23.7325179162934,37.112808188013055
321.9049463849061,22.272696272631514,56.662936698219404
250.49692777900904,20.731959237684435,43.52891773880597
470.95872395198575,26.03448593381378,47.89464117702629
382.68178242084224,26.682127985550164,47.231391800041365
566.9248894806976,26.194903460096146,50.20476602315959
162.18770957198785,24.634940438005724,60.29520009685933
879.5158461329332,23.797857801792297,64.32587702542003
888.9685955836823,28.633336495718254,44.26544730008359
658.5293712157961,25.19081785136218,58.963162273720606
528.8770930752963,24.791818776297312,56.758472812915116
347.62209302906217,20.256420658064357,50.073513300945066
751.0360157655589,23.412478276261563,63.46165002641766
647.7849380431035,23.801956187858572,37.016608043494095
230.09355147591305,23.988227808969004,33.82424736083675
828.741747595074,25.801723692273324,59.888668843439774
758.0297943385352,25.336025467268783,45.37024358218119
859.8399306335392,26.079050927934446,59.64390989724711
680.575606710688,27.648832615421284,61.25815718183952
590.732156748632,28.129857387160936,32.1860157766675
434.5944290324951,27.181230762264946,60.92126670451212
846.1827866832106,29.555236959549347,45.69116693792978
792.8511116003267,20.182325826763616,47.86513711514813
136.17493608495153,21.95777985683546,51.93073788826236
121.09357959780161,20.075628749781423,62.423391235553034
401.1706935024397,26.47474714154603,30.669063305041742
748.4426646254664,28.98030548949987,46.6895213911236
889.8209034519556,22.434822965762994,54.070271485069625
220.33351288282256,29.270345447963066,55.294743519438
575.304572281708,20.60267390289561,54.23863510379878
404.7126853048172,29.34436026805514,34.70522952928427
875.9315182516825,23.516226872396345,40.47884559300884
773.695138508567,21.014208284492167,42.55504338959547
770.6629637689102,24.858717591863257,58.15530226878268
474.95452783597625,22.56776567720508,39.75659553450936
431.85560187013215,22.848729019619228,37.37467373535211
318.725657544565,23.072899649262865,63.510680666333364
145.1003973207417,28.030258978326636,30.310214978971413
791.7779010040425,25.391612766752544,64.92372994886924
750.3208073040621,23.113076991560035,53.688745460008846
899.7741386289044,26.103337833109183,58.9964254807191
897.3094696591243,27.161506742231936,40.31167887211676
544.345364482102,22.72624000733534,30.5010347183471
715.1899321444084,24.135491015253514,55.82543314965355
855.8125839059425,21.218860933369477,59.19506089502365
779.7179125419292,21.811493495346802,55.91666461837317
297.8784813945581,26.811178539649827,34.99976005552935
460.4353082480748,21.81438347695627,56.369977278993915
203.327532121196,25.2516338366706,56.91229737376743
863.2408218069779,27.090462617224325,53.048918048451924
584.939707560704,21.06876923094744,56.814057647845516
282.9142444027702,25.673122196289036,59.60725038872063
637.3605475246853,22.565627837013636,51.476143998311045
594.5025923663167,29.6292687523758,33.10116498893877
386.5301744262724,24.835456467199247,47.06697333835238
190.84607375970322,28.059925497751582,32.717726713506174
637.2585564742396,25.50226542156262,44.26400608613508
516.2461607230346,20.43412532854819,44.24872711939697
717.8547133885114,26.33151375594022,32.31034454490845
516.1308008895946,29.514033422066568,42.208718688931775
781.7452002548321,26.016118201463314,33.88493345769602
541.5254710195884,28.1918885942679,58.28823235032277
548.7503772283089,28.84206463348408,63.16908090875648
801.3228821266761,22.280797719489325,32.531076634027855
422.7862929699176,22.120448399082267,63.42903225520955
207.21218276051258,26.10980988850992,48.290180976786075
123.02614105067119,24.110284698067048,40.484798728385584
704.1098045388952,28.398613028667203,32.69017263466572
596.2476410827717,29.00023123398011,47.52184938246462
663.2638144793789,23.53421379302718,57.808044057176204
270.3713292071286,22.36870558974482,54.748026704334436
209.0971804694158,27.80525515243862,31.75791040123908
111.63573253430555,22.74806035548136,32.551564237876626
380.47004704527757,28.226143185136785,44.1005648921423
571.9341494837065,24.23738253648763,40.33516729167802
413.79523607978587,26.675498992914704,38.133451306961675
449.97993761898323,20.95535313834668,39.835157461804975
823.3269555949987,26.23859324676573,58.12189601539096
378.6043736186403,24.51767678737229,62.52298187711489
511.19159132784864,25.86608463175474,44.178594308464824
726.9224101929144,21.680142077448636,61.713885074637396
417.2342258570161,27.36873744944182,41.25234954367587
597.6693601822988,28.627970775432285,46.67529452203271
789.8909669973962,22.167398000907756,37.91101492355999
859.6164989261136,20.957145555201617,52.41666147615454
217.65878474323034,20.236385860463365,64.26433903111831
841.2701001291955,26.41971500443266,51.12225836151825
493.69303446363057,26.070940360887807,42.52349294397421
306.5955106391667,25.466974127140702,52.67361060966849
467.30860499060907,22.319470961159755,34.30222374628856
884.0260602283817,23.909059959055146,61.10306780928895
494.0944751942957,25.94476335186173,47.607938277294274
363.0012882300066,24.967668588591692,45.727240971387474
606.7206834533806,29.877855202148872,50.50526759587317
292.11649502255443,21.36439752556733,51.867435197629085
160.69066248693113,26.951445540475937,32.51215321792796
203.10377752851937,24.043187681042923,53.89160274281909
202.43667116621793,24.28199614925615,38.46760881104353
221.52215480983548,27.175977656581765,54.98834213773064
211.06173811952812,26.924361513243696,58.788717803446886
612.6997958425717,29.912559937021882,58.13854776433821
245.50406751931587,21.28394289454125,49.33753385927612
376.53382665909055,21.041096493841664,48.20594623087629
817.4307279248095,27.24338817128741,35.00065864687941
479.1693122102979,25.78386917006409,57.137115264109745
634.0461908168218,22.74160666559806,39.499328315635005
237.85589696130387,20.794193689889866,47.38433979862813
253.83121504693662,20.856582495964304,39.94959325246309
132.6948930131831,28.941908746641182,34.68399270498926
235.14805045773164,21.918673247187428,52.03451939121078
322.8722712255669,23.233715621155206,31.901621218801633
241.60838742139745,22.26656402226988,56.202583194417
170.96202700564447,23.549963058319374,41.11553783413908
196.50869688048064,20.694238427460935,30.004714255156987
468.6230144261806,25.190597909082705,47.889519873303044
265.066974724634,20.676125635922148,31.63981679846611
391.4158888384604,28.003565078223616,39.66593452373148
502.7338166838855,22.33712081910433,54.744177060950065
652.3158629034922,25.400119146045107,32.1941367567653
131.44971187287916,28.80079087561458,59.37684723246008
739.5283191272341,26.50877369047194,30.13369729305041
602.3203115927263,25.329577865513354,38.63883542206658
165.40722555909753,23.243337531153756,55.9316419653225
798.8628992854218,23.33001913058198,41.06945524052574
836.6979204254505,26.694869551981903,33.566233582310474
148.862367883891,29.941393612211677,42.60818715801498
321.502118517763,26.618391898493787,39.46376502345839
744.9610238344491,25.57783417370025,59.49491657561942
698.6077523069267,27.30650510239246,40.96717711548001
247.61681548510185,24.65205612283718,57.61263651216025
267.4794586693682,20.60142342600785,61.21552506837571
396.3776822331056,25.6229681587791,45.18360968517853
487.61838815281703,29.5762528450538,61.84801003490372
594.6038172242368,21.753029423576596,43.20613188871175
395.13091165581795,26.900048908206657,63.742744577153786
470.0277729065183,22.009336886590564,33.125133358395054
697.9767505070052,25.358276844730813,54.0456743276135
129.3465623124783,20.966764496467196,47.2834914159925
301.9495554752166,24.50370936258185,43.56770819094765
670.6796687076419,27.56163328895246,52.14491575620103
816.1654701497595,23.47571524238982,54.63499820720159
509.3419536925329,26.64911724487218,30.152714437760817
525.6907882122525,27.95449960789729,35.84335810615195
185.73760907182083,29.27177819479453,54.95661177220116
457.92989345876373,22.346420818554535,53.323489475237224
526.0938131640185,23.993159158093082,63.811662679503705
293.9764029077837,21.524160133304175,56.6363226587774
315.39458475950477,29.924835021583753,63.27704477059683
401.8273304836981,29.270009679242953,54.58891755371825
116.0569582221811,25.399571302805597,40.43182730238051
357.6633324665426,28.420332943764212,33.687772278779974
269.15840559723574,25.20957977272042,57.36383521707275
361.99788174233174,26.235856880027598,52.54522275165706
195.80970545540097,20.891244321160165,31.686510433765367
812.421824591916,27.55270420496808,42.601766306534245
574.8739628432389,21.27713483635235,63.48799354195002
643.2818553155917,28.260676302525283,47.51404009985704
731.3369908858706,27.82028087670386,45.145519760689666
498.7537591432458,27.087446977429764,46.019486180575285
169.53623046993897,20.361603805247622,37.31089534018073
529.6852334548382,23.031283559453286,42.904750980267835
569.4728944167033,22.63112569910843,42.94346395955118
696.3515793474639,23.601364074715192,31.832425706561533
445.3276369837435,20.876427467638386,56.86486699812714
202.064242236451,29.36957823031063,44.57765511663577
327.0207246389796,25.538022407123762,58.77629603857481
390.4658371189081,23.055243106580235,59.76218003919634
616.733793065281,23.969815170742834,37.41979191445303
556.6226437351295,24.472025405048356,53.007371875954505
384.877380718277,26.005943333606172,46.52986314570436
889.2121990343837,25.156794276964977,60.80548582725198
584.6198554855098,29.193919732144174,37.550923771175896
289.78143338879556,24.9696348290583,53.72346201085155
181.42597809632298,29.921580148233126,51.27132427884529
222.28731134746562,28.514249577450958,40.33555171501415
296.7661827076065,22.085105143573358,34.78103162779104
228.54509860764455,29.30595214643916,52.80739161670468
249.25361924104462,21.16366397885476,55.85091103463157
328.0761349550777,28.174497084911916,41.04695703171725
238.69887623580385,23.806232934765802,52.569141140780985
817.4123397011401,28.779743204450696,43.82958176640261
164.18699652931377,28.680566901074503,54.96224091489162
519.6091116562037,28.059254001176214,36.97253462129186
428.3174615917292,27.900304363070614,61.1575250922661
885.9028935268851,23.04679139098041,40.05933587629529
189.63112173444188,20.809192830512522,42.87250957146535
418.2844792365933,24.029801787651614,32.033218322812246
875.5763466202951,21.735245149865086,33.90292743124468
792.4057007151843,26.949510889024616,48.055166594931485
753.657656759424,23.460997265377856,39.365743685479
306.32226163595186,29.75610200859915,59.2418079009768
236.71006991205266,26.40972077345332,30.514268602923384
634.9145759395448,28.22480563634361,43.26829170351777
843.5007913020686,21.325246727418484,41.807094136918245
545.4103144111439,28.620144822726225,30.676467082116037
557.2901515759199,29.227571905133942,34.352893965017856
323.98327492822733,24.87061918818936,44.47749362215224
715.5943465535495,26.062529377509776,47.25026045566064
249.6349988460187,27.648098009029955,44.150141153920416
358.9433891233949,21.748386272604126,48.582818744423285
440.3491508931334,25.025660764634424,50.82960862169885
506.088302947564,23.98663027772313,30.347333739474248
293.9277859320642,21.46373992162249,46.24333058087264
191.86945979136283,23.675344222915314,63.72247343106559
588.4960339533061,20.681723093854934,48.16612980453421
330.90444259220465,20.25811906949487,53.713979361063366
564.9905771380897,21.351662891548226,40.915235027090915
223.49017221936185,29.63115111589174,57.08969823534669
484.91208148385397,25.49529535895017,57.05225186566403
526.0715460412687,29.6582216115322,48.24536166789486
141.45882945794153,24.32497878330132,64.16048381477248
369.28342255513644,23.118161330852594,34.39425751669287
207.53174155117938,25.061418628402443,30.593168271135333
150.6999763782142,24.395116886329102,56.955537411498355
891.9681859119562,21.05664684261744,58.25044380777089
357.88307597977837,26.408263146902062,34.20725301922017
747.8995566837079,22.160381825095996,39.295399153551216
303.71252381101107,26.195879548978297,30.614332717832013
645.2021777791434,26.502010923981533,40.26580137731976
708.1822879117492,21.52024853128648,57.0599655871535
576.5109924862754,20.613496271106683,48.128618469940264
477.2609508401267,27.8076158606844,42.183345760890084
429.4727313178148,24.598004237693203,43.01087532172156
379.09461323439626,20.58163795505476,30.047376900041385
843.6233153982607,29.94866317169767,40.493018464783255
764.4955262301833,20.577805609963665,52.626055957327566
872.02152853321,26.95035228858553,64.0968055335725
199.43777878843576,29.836789252634134,59.64712894443648
684.6939801629154,22.391801042159255,30.82582376259352
850.6723654568302,21.422493686871963,61.449621163619376
244.98645293252812,21.21384939422429,57.41194446545191
153.197013893422,23.032751475675955,57.313164324984314
692.8965194320473,21.010458110106466,46.029851565125
559.5784905439295,26.92161341694132,43.9301852534076
773.4630214066176,20.622917981300628,40.60205050916174
211.8179013010316,25.094221281497898,32.2993200634028
736.2138494879122,29.96696853852977,37.98823772227947
261.30185603819564,28.139702695060187,38.631127224230866
230.9247542925636,26.152194382310107,46.94269743985706
231.41263834479435,23.062536207866117,56.16055423088429
751.6597761851057,26.238958362916385,46.58334399392813
632.1577765569601,25.270414639116517,32.02455573065062
518.4523398152954,24.260833838903714,63.522643034587134
387.064387298802,21.307103767401994,62.99535116829393
801.7604326504866,28.866042152404667,57.4816340101943
413.9560859381083,24.497846488213227,64.69647655474772
753.2795515772617,21.94622511820765,49.0568816480092
451.30792685617473,23.677593508772897,63.69689225886221
401.5555435399261,24.14129752528927,32.646176421586276
470.14382853568515,28.275378955668742,42.798826189147995
341.1022993313137,27.33614380561402,37.8883443802368
698.0875041410009,27.693048936413398,36.85415794469945
502.1763120739833,20.110312644286473,34.928103211243666
285.77015611745384,24.161539981797617,51.78447745480988
819.6596586196548,24.813441516353237,57.346264951155675
407.1129770985691,20.191922768230565,50.24044397971262
534.842288891191,22.59813208745034,35.14369483558734
825.1776887716376,27.60289823122135,58.38933194767148
599.3903967311937,21.37109705728999,52.258414750730495
193.51843256669127,25.353101314525915,43.585799714444846
851.8656988907801,22.152018720172375,53.594560343762204
602.1664424571343,20.121207746438934,39.09667427349915
367.9244917256689,22.412014575995414,42.08172729729737
211.4176581307098,29.758737549100537,62.11200450961966
735.2201514162368,28.015371118829897,40.16765769849971
596.0582047428109,29.595766443210334,46.44958938552778
526.7688735810573,24.878540439263624,61.15493980886051
815.1140664407661,21.097361986775034,54.77024725936346
730.8777689796246,25.47959488973693,32.177112915764596
221.33990378620095,24.54377334559961,35.15560654976396
349.3776542364386,28.443570827396158,30.274455677017087
298.7913118515726,20.980825807842447,52.08226265802072
695.1570340581416,24.88241137021778,45.66856988936464
126.82594778862351,21.50048664693984,34.69961978157964
555.9117478970531,23.2467592689006,63.52769423698697
709.9669485925524,27.373570773877997,48.538090338096694
801.4125094093996,24.760181293687666,38.466265293951125
373.665398972726,23.75888285145769,47.52112499041476
757.0058437376102,23.94476278570035,53.78671164572877
188.5053895641658,24.594467684059865,32.66837262907475
777.1618333876146,27.850165438370567,39.614633526676215
201.99092986558594,28.920846889402345,58.24379218093978
417.8298324482938,29.55334686503928,46.08827046409314
737.8362926236429,27.86903386255295,49.130199971130324
219.93394187901902,23.154068957480128,45.148560077331425
283.4011161861132,26.881347060865423,31.53649799250518
677.802054714453,24.37603124055392,35.80124229370546
676.0292292368595,22.54670622046051,45.59395735596618
612.9181063082378,28.408715794259226,37.321491289277475
655.15875557368,20.38426348962325,31.749266003088756
534.179554678077,29.017619921354235,59.527738241813836
301.4392471255622,24.61477464624734,64.34173852074406
376.5567948031356,26.372014768082806,57.76000058988588
245.27817344114052,26.593539222057828,59.882472259663345
826.7604490669027,28.951177407065366,38.46919956109659
566.7134358128964,26.366696821672072,63.62194414296199
420.6811334109119,26.13933584760062,36.892399655869994
469.60464291530616,20.6665204056069,63.30004336266413
857.8266716894523,25.184080219452042,64.8186752888083
222.68112249286418,21.501690008170417,54.9102982011117
568.9838656134377,27.374337687214854,64.34003061271378
504.7109431075728,25.122219208126744,49.933892284848625
589.1633883477182,26.802277792083533,39.083962411163164
114.4881470566724,20.416729006023843,45.29485599829673
797.6991271553212,20.84792016045803,50.77463273825751
845.69462598689,27.163233880626823,32.557854670945524
552.1065468713671,20.720843359986734,51.782014261603614
657.3206591015138,20.712567277652585,64.3412242866803
837.9995049418366,20.121084752348875,36.65376774243047
665.7909074507189,29.5650139829948,57.74082907009341
222.03123433140908,27.37508359459007,61.77645778228668
561.0306881334506,23.53251408502064,63.02955574870773
585.3720371062848,22.965355812876552,63.60474615419065
439.3045370419088,23.497032297458496,48.251087355251514
689.1553884997783,27.74653531181182,64.20577677970263
847.4936118152119,26.613706110704143,56.50585724970536
840.454810325421,21.851955678674678,35.658500268293665
460.6714971233057,21.741093353340844,46.691503726378954
190.5904366726042,20.983956497133974,55.14159113802014
887.8729591698676,26.603027197013382,38.65691105366792
771.1184691567473,27.643726622217358,52.421531424211054
199.73014496261348,22.65046428325004,53.33101676663168
836.6735060938979,20.20944961030913,35.694491033299805
795.9170896497026,20.821716674764275,49.77798593584647
515.0704457008577,29.678600348450303,57.00694188425127
573.0203485959435,22.954447774774202,47.461348258757965
419.2021630961042,27.692231478381338,30.42360908716376
143.80931105762505,26.24663568854264,30.316346417775225
368.15779331672076,23.81939639652896,42.49602703895043
742.2827588784091,22.056872621955552,62.41679239511237
103.70561840368228,21.213864181594065,38.00368728612631
366.79933735291536,26.150129680388666,52.202729110509054
418.53495487275467,27.74633780637788,37.77265547426622
529.9164823503384,26.439042535411307,41.2584496380842
835.8844931302084,25.303021332491582,59.681473136051935
377.076795492769,20.41951223431636,55.51015047944814
377.56256151698216,29.68488777594384,33.33897470596237
690.0009984877987,27.987141916545745,45.004570734525174
461.7743527118457,22.928220367009647,31.02094172758426
279.6838583519856,29.799703293588507,46.83115513110532
461.9516129061547,26.018815896363222,53.185190409537384
212.68561630383988,25.824226582072463,34.14759182593531
241.10958920497865,27.480731794295323,40.1109728618208
498.6942181915838,28.117697880901375,43.92428189257549
435.14035960363833,26.564786073315027,62.18358586296174
831.87672085448,21.280957463662,64.76392553980375
389.9151192933065,23.382675059944983,31.571895464846556
564.4706802224348,29.280836403260498,56.63527732233872
605.8114303356243,22.24615611843852,43.01034232408201
110.4755652706669,23.721670238375133,43.7360365180318
630.8298976133685,24.32076882944196,56.3992740671458
242.42877349580115,24.394049896944523,62.1449251250893
868.8562539755641,26.129395824945256,63.282500807589194
218.93018220249036,29.430758377447077,50.19929051134123
431.699298981619,22.40692711832505,42.4992405755176
168.2797344629151,21.215013763009182,57.56421800505727
897.4994014767578,21.974704898599374,38.78504841418051
501.7560082649941,28.869249002092694,49.742591009173125
576.308013856035,26.458108126552062,42.55024615337056
153.661181910742,22.8590678923916,52.982087579775666
699.9683763193423,28.159469389686173,38.41396195127274
267.9244744764686,28.61369996363436,36.7057531007189
818.443431552571,28.46514338690278,62.1383680336403
264.11171238560576,29.189265336395543,33.56312890323379
252.55017653093324,22.522410201733617,47.70852677072261
129.2397342784759,27.550419287462784,37.729847403705314
477.6535560879994,24.6053949727414,31.36254871639836
551.8729066100932,28.419985528900614,31.260658640199924
152.5669115426819,27.284906771616132,36.13276202370396
720.4220933560084,27.764474464997246,60.336962407710004
462.63106779842207,26.561618376810713,39.88675603919593
519.512215462064,21.77428769469707,63.26607097013535
452.61019755058254,25.450269188969383,50.356780254621775
420.6104487002608,29.84669739524508,45.28149664190681
547.7122650465743,29.37388066497119,50.303109213430915
224.19219674457,20.431737357970118,48.08444348291937
245.54250439621688,21.648148157294372,56.557168881506385
789.4284968108138,21.31728773454562,39.88736230904983
856.8923697069062,27.259799099852955,42.35676370601058
398.64745302380237,28.177853298569453,61.293300588663776
316.595738514843,22.13511366310672,63.125977960264194
615.1996345912127,25.05852692951829,61.2395379620266
426.9873368784771,28.407030280112,44.68067978850598
120.30908452827589,27.328015447662505,57.31279260524086
224.9220778929523,25.422372054918483,46.671750665538454
672.777783077918,25.903476904587727,47.41389482511357
627.1391535281211,25.083605469162798,37.16380381700494
121.67679400278679,22.975484513188206,50.68956061404808
277.5777295463596,25.65021992859016,36.51475642136718
284.8598372704571,26.888853020500907,41.604764467351785
637.5141948789827,28.733229158608076,59.92605705669773
115.76843020349132,26.36291353979248,37.24765332237993
183.28686558765907,27.61121537043158,32.49053998107015
739.9328682985515,21.60071634954573,32.41526574144857
242.8357296434669,24.6155747441979,62.92745821760877
622.1968862814998,20.093316198270934,47.742215328664216
290.5462248373812,22.46678864521623,44.329422513595645
179.55311420747614,27.264617151130047,58.38075033527714
294.53775279956324,29.918099513493637,59.253907476868065
677.8135454845274,20.99178099587216,41.62668615904616
784.5571744850286,24.014943158612883,54.276632011582834
764.1758916535932,28.000709686991595,56.98929855481603
417.74682369476386,22.040356346288988,52.912774040308406
634.468109256517,25.550849493022863,35.30582761800348
263.9874363326568,27.330712960296747,60.655907923097
334.5181842088106,26.15985450260179,48.86830934576031
817.0686548168958,21.88024734615416,39.88653492295013
110.40153880858882,23.553845686857393,44.88298649031928
168.40682468357446,27.837917844853973,31.314988163961758
266.3090041168218,25.542265141320165,34.475338042784614
121.22576309905577,20.052296135429128,56.79413626805513
245.14834807183786,27.609907600280938,30.000407216437814
566.4332487757538,20.35311354940239,44.57980399688023
437.1396404739984,27.457337827312323,48.28785633799559
814.1373688615798,22.024805601652375,31.91220470003403
753.9548493907528,29.580734801193802,64.05773570403164
373.4538813583008,23.679407513020845,37.91438659373852
307.538746745034,23.26931616338079,40.64695518726983
403.7539265338135,21.488880503324445,40.63798792892596
572.2359540118462,23.056042154902148,38.06458317410725
314.45091265830104,28.766507618282006,30.051583773020898
599.3191262793073,29.963343376272473,55.52706779307987
427.52932175299236,23.683095305068484,63.83959249297499
541.6377446815842,24.486106309545427,37.850271914976574
448.90122330825335,27.220709382027373,53.20665171311978
335.5726076335342,28.861957804650743,55.96637144355503
858.7626455697254,25.930443341867843,59.69488826816837
710.8846353278086,23.915256981778292,44.79202189547632
212.09054061316203,24.12621840848624,40.60258169741502
794.7743807183302,26.95618146496807,41.38532969080609
489.9449585996109,20.032182636042787,54.941746658447954
815.6417815152731,26.195893374598406,58.58728132769726
739.8842047578522,23.554930104413575,36.35648887148109
440.17080357538674,27.94197331277084,42.98293528552178
117.97544665609392,20.92990639823132,61.56790688622025
314.94188750795684,25.882022669483906,58.23427318931587
533.3073717286935,24.809728898861238,64.47004409668665
606.7825758609179,26.423255259052276,56.39868908887283
306.31014834656185,20.648535944829682,43.76183203597728
211.4848592582593,25.799837874281312,50.67232418981232
767.9441894394392,25.614845879595237,53.13549889865621
887.5217445628417,25.60660094416171,32.745953571099335
520.5521458421487,26.034876665964546,49.05739356863528
237.3434286786428,26.764679372263622,54.82622899654133
317.8458612154952,28.0498899968077,35.856245640037116
114.71254123797338,22.698207201282145,57.322110109894496
831.4390452483992,28.25049410180062,50.432047317993906
194.2008663121129,24.982556822634535,63.32776249941581
561.2131804114028,20.770582791343312,31.48478043724121
319.2441765497648,20.58550929243979,39.28641481444134
543.3424020126347,23.342383186960607,51.05438577549384
621.1363106814914,27.848969771114675,40.37959692720757
763.7934429657613,27.076809347409156,55.00484574249347
265.13701740848256,27.886149646724064,56.56518488826758
108.79666292678438,25.172690564416094,33.58805874232661
209.50850405504582,24.401989979554905,47.98490624723687
820.0149134784841,21.47452526706284,47.81116944568696
799.1120620500122,23.281927536093114,42.924826957543935
577.9304817362466,24.340193661738752,62.65237018993852
580.4134883469227,20.886004296796173,58.96272119556274
632.0293396370043,22.20611952711211,54.40232836683729
240.29702289875968,25.982252940637387,55.00143225072492
831.5295567399678,27.356631142391898,46.16006503345917
435.01641991365847,29.983475113929497,62.234808238380154
406.510822599598,29.33113331343558,54.310839953864985
515.1341642262701,26.425651995351913,55.51433715795358
137.57277342004403,24.21248053294072,60.15918163255708
233.02669500486354,26.361773647082327,39.59250562697669
690.4268931410963,27.85651618080232,58.24748163533461
166.23893434010117,21.183361909233874,36.83342110347722
582.5216875731105,24.099048896962884,42.086968328571075
296.27928774505676,28.39802285635617,41.7463658994445
411.43649123358125,23.83832951933044,64.24839139361993
330.9549894165599,25.718722712271866,59.97880283117744
384.53817317195933,25.877693608621982,54.54094515565909
675.2367241473964,21.844762531336393,55.446986656538655
337.69737249854,23.622354416522885,49.67254780408999
553.1237122375178,23.345112887419322,63.14817334879817
480.84032175927973,20.26196708532065,47.36905635088266
630.9369322901185,20.241917638913552,43.318119845446304
849.4637914598064,28.316970436757735,35.70623679260569
686.0576777682003,22.730708099728126,57.51719782913703
271.9523028726054,25.180787662388155,55.7055376226457
124.94650804902774,22.98725573588773,43.45242634834472
309.81123543986007,29.406792451153407,30.881769488573028
576.0623445602039,22.592967588657736,59.36490647013038
141.14065078740026,24.29656812738935,30.399629420892577
497.0929977609891,28.72730250484602,54.62949228701679
577.4742791335113,28.419335667918087,63.958998840411994
367.3951126535687,21.861014178462774,45.31814648518712
716.7297629966575,28.026433097957103,38.22406917485834
185.27860250701744,24.581868867378926,54.67048535151836
160.110225388647,24.829688720853554,58.599484970545475
682.5510049628826,21.33479972415944,49.125061062724654
496.39305296495877,20.806015137571247,63.84623463396512
650.7219171421889,27.27939306973765,31.80840525802864
447.861870882997,24.964611523552996,47.66784594065848
297.12162659128546,24.368507026151796,55.14588815628925
755.2818541393598,27.295082286523968,60.19241649022126
739.5327031751834,27.6551289899111,36.27394641677265
655.7571766835414,21.589081676693535,58.00012186172885
317.7161097839702,26.10225149477641,49.34474765014909
572.1845334952696,21.353540822776857,43.87937886964871
388.77911755202143,27.513750860290457,34.61002600026828
173.26565866130733,26.569551562671396,60.285351561811936
833.8508603697942,29.56614621083458,35.50456228629004
209.45490473516912,20.689580163564212,40.842575072318475
860.189883056642,20.570547211512544,40.15159361868529
456.8046183663646,22.821870746932,60.4994911966799
933.6351497104449,30.92625483051367,73.30056784624658
939.8340698595687,37.48384349676231,72.5469870882731
912.523394939625,39.14548663848559,67.90794601905338
931.24370498035,34.34020972708759,77.88225156752232
928.5872991571874,32.58711642155441,75.15411174495256
941.6415188394136,34.3440331900661,77.56862562277705
945.3043530240631,37.23447817850001,77.88146419024208
900.6078385738693,30.09054161580371,76.2253378049861
933.7009959529396,35.89453989484697,71.58815901874576
902.5917899559864,36.13291684887379,74.15820132523137
927.4429332538677,36.37688246895935,67.40548109179615
914.3816364521839,32.420220799808774,75.10468126212362
915.338829976107,37.14052723378127,67.6887988360892
917.6479251726179,30.913914863317764,75.40924385765236
931.0646224524805,31.992703364668007,68.44397241130953
916.7024982834384,38.77470046654482,66.7632695022533
936.6349525295141,37.38723150726567,67.47926735214436
920.2263692786935,30.137455540113454,65.02988202828605
903.417660015498,32.483762603698004,75.78109426780296
939.1879921242054,32.144064829931644,75.98601573587568
914.2879162296354,32.70806328036973,72.72400024869889
921.6383439799631,32.475597702798865,67.42044201583076
934.2721941610951,30.625262957428458,66.25331506266035
916.6228078574356,34.5894051659682,65.28693449655931
902.8292828073357,37.32733474786165,67.48622265447831
918.6960523506407,36.067317247174365,78.3628330247472
947.2224291347152,36.7287166859808,68.62305262552523
932.0867198649279,30.811491785362392,70.31406990825823
933.5739574333603,39.514907101767875,66.58018226722
931.614107681882,38.384918338430246,68.33541957122256
909.9496069479718,38.050903184956624,72.78836856170308
920.916693205114,38.229838050417676,74.11629024643479
937.5469899181659,39.327105081327616,68.68028471249316
905.0686448776579,35.442539661136976,65.86598238837676
913.8926388044856,32.00282017867626,70.86549303691098
913.8159554232927,36.16783607852541,68.513050563895
921.6009463797253,37.42881493667939,68.29330884844703
949.0184370471093,37.37917393354025,79.39794204070182
903.3751273341911,35.2144902416688,74.24450728888586
925.9350497190297,30.68458719333578,73.35317664758144
908.9682341006105,33.71112938430128,71.23662655284983
948.5338272704872,39.20766608463357,71.43416500145216
905.6651752363732,35.84448909757426,73.11357505757121
920.1800501180795,35.38331943255714,75.44644710554161
936.8942492417303,32.68853514382194,75.53219144272744
935.2277214013723,33.68448919916579,67.57540861558175
921.1364318446966,38.95346089153169,72.5016912811494
917.3262083976359,36.66463047526835,71.17937142551153
919.8806189276436,37.87387026752333,78.05790449404077
913.213813157932,34.54345423067655,74.47128381827565
910.26664693534,36.30247219456158,72.98756099623972
924.1519848779445,32.483836087432074,66.73091963268377
913.4266878033803,37.054608302834865,74.08456833985117
914.3730832448625,34.276013337033376,66.7580585852035
932.8378031737278,34.425455148147456,70.05809863348628
948.4268665849946,36.49322324576882,67.14262947221498
930.1818600279687,39.362806214689265,75.38110470536553
903.8489733532483,30.64006346608621,68.09378170754229
903.7791806927033,38.247432373470076,70.8778905978204
947.5711610422783,32.92383110412193,78.43512166428168
914.8645395153667,34.43919454506378,68.06474575098456
904.6033493041238,30.21913328775009,72.61707595938168
929.9522293575191,33.01046077834313,71.28907491749032
931.1824389145133,35.0263124263013,65.27186061568595
932.4252410059344,30.56176077347439,76.8913717035922
913.370101392877,34.91095729383165,66.03568859471899
900.7555342107238,39.27110628858427,72.1138253146543
948.2507684727236,31.053932181078054,73.41017442408425
912.5446522845551,37.64440728075505,74.4263968492188
933.8013144026273,34.096710533759925,75.32947443961814
935.3314934939355,36.55173714524338,68.79908575284072
930.5003708539742,32.602365979852294,65.14968164987674
915.6453697106824,31.594922625413584,75.85165493532368
913.5548126882032,31.604626142712263,73.03484899021367
929.8834141351351,30.704919456431448,77.54176554810873
943.3047816805846,31.85646704901243,77.32082544351042
947.3366864461698,36.64219384988968,77.64989251681826
905.2952902201879,38.81690611843508,72.2764198996931
907.7414306298859,38.14125685591162,70.00442593755298
947.236812939154,36.85134309874484,76.87337303887055
936.8267614167396,31.104318634111028,71.76941169543882
944.1496912414887,32.8918744629595,67.75163294605152
910.1316317067672,33.09806875322469,77.82461029342211
929.3792935554701,32.499569463976215,78.23839815158522
935.0569797208736,35.15005659709723,71.99464634210256
934.0055942723486,35.355538148796725,66.1354959096468
920.4075845433349,33.5688597517111,70.81739134875397
900.7697445845654,33.537891587364356,77.05306489193904
929.1463028402131,38.28555597906082,78.52661042819344
912.6550769589804,37.892928483196854,68.05209113746393
922.5127123071445,33.077958316807454,66.00460418037908
947.8790507541909,39.13788443873259,78.16025679699258
919.9517658821218,39.52815017002506,70.84107408468313
941.9900803332214,33.267425420300405,73.12641446401345
909.4270302874626,33.54424948793055,79.52098718076138
933.6230249012515,35.05634153421959,65.99847091871334
948.8503477219472,39.411208125336735,74.72477011178144
905.0946550436469,38.763194331423115,66.11158133862301
900.4159971113596,31.0256796258359,70.63203392699751
921.6791396316307,33.92730743271416,77.0572181779017
